{
  "format": "javascript-image-pre1",
  "arch": "os.linux.x86_64",
  "load": [
    {
      "node_modules": "npm/es5-shim/node_modules",
      "sourceMap": "packages/es5-shim.js.map",
      "path": "packages/es5-shim.js"
    },
    {
      "sourceMap": "packages/underscore.js.map",
      "path": "packages/underscore.js"
    },
    {
      "node_modules": "npm/meteor/node_modules",
      "sourceMap": "packages/meteor.js.map",
      "path": "packages/meteor.js"
    },
    {
      "sourceMap": "packages/meteor-base.js.map",
      "path": "packages/meteor-base.js"
    },
    {
      "sourceMap": "packages/base64.js.map",
      "path": "packages/base64.js"
    },
    {
      "sourceMap": "packages/ejson.js.map",
      "path": "packages/ejson.js"
    },
    {
      "sourceMap": "packages/check.js.map",
      "path": "packages/check.js"
    },
    {
      "node_modules": "npm/babel-compiler/node_modules",
      "sourceMap": "packages/babel-compiler.js.map",
      "path": "packages/babel-compiler.js"
    },
    {
      "sourceMap": "packages/ecmascript.js.map",
      "path": "packages/ecmascript.js"
    },
    {
      "sourceMap": "packages/standard-minifiers.js.map",
      "path": "packages/standard-minifiers.js"
    },
    {
      "sourceMap": "packages/jquery.js.map",
      "path": "packages/jquery.js"
    },
    {
      "sourceMap": "packages/tracker.js.map",
      "path": "packages/tracker.js"
    },
    {
      "sourceMap": "packages/deps.js.map",
      "path": "packages/deps.js"
    },
    {
      "sourceMap": "packages/htmljs.js.map",
      "path": "packages/htmljs.js"
    },
    {
      "sourceMap": "packages/id-map.js.map",
      "path": "packages/id-map.js"
    },
    {
      "sourceMap": "packages/babel-runtime.js.map",
      "path": "packages/babel-runtime.js"
    },
    {
      "node_modules": "npm/ecmascript-runtime/node_modules",
      "sourceMap": "packages/ecmascript-runtime.js.map",
      "path": "packages/ecmascript-runtime.js"
    },
    {
      "node_modules": "npm/promise/node_modules",
      "sourceMap": "packages/promise.js.map",
      "path": "packages/promise.js"
    },
    {
      "sourceMap": "packages/random.js.map",
      "path": "packages/random.js"
    },
    {
      "sourceMap": "packages/mongo-id.js.map",
      "path": "packages/mongo-id.js"
    },
    {
      "sourceMap": "packages/diff-sequence.js.map",
      "path": "packages/diff-sequence.js"
    },
    {
      "sourceMap": "packages/observe-sequence.js.map",
      "path": "packages/observe-sequence.js"
    },
    {
      "sourceMap": "packages/reactive-var.js.map",
      "path": "packages/reactive-var.js"
    },
    {
      "sourceMap": "packages/blaze.js.map",
      "path": "packages/blaze.js"
    },
    {
      "sourceMap": "packages/mquandalle_jade.js.map",
      "path": "packages/mquandalle_jade.js"
    },
    {
      "sourceMap": "packages/mquandalle_stylus.js.map",
      "path": "packages/mquandalle_stylus.js"
    },
    {
      "node_modules": "npm/aldeed_simple-schema/node_modules",
      "sourceMap": "packages/aldeed_simple-schema.js.map",
      "path": "packages/aldeed_simple-schema.js"
    },
    {
      "node_modules": "npm/npm-mongo/node_modules",
      "sourceMap": "packages/npm-mongo.js.map",
      "path": "packages/npm-mongo.js"
    },
    {
      "sourceMap": "packages/ordered-dict.js.map",
      "path": "packages/ordered-dict.js"
    },
    {
      "sourceMap": "packages/geojson-utils.js.map",
      "path": "packages/geojson-utils.js"
    },
    {
      "sourceMap": "packages/minimongo.js.map",
      "path": "packages/minimongo.js"
    },
    {
      "sourceMap": "packages/retry.js.map",
      "path": "packages/retry.js"
    },
    {
      "sourceMap": "packages/ddp-common.js.map",
      "path": "packages/ddp-common.js"
    },
    {
      "node_modules": "npm/ddp-client/node_modules",
      "sourceMap": "packages/ddp-client.js.map",
      "path": "packages/ddp-client.js"
    },
    {
      "sourceMap": "packages/rate-limit.js.map",
      "path": "packages/rate-limit.js"
    },
    {
      "sourceMap": "packages/ddp-rate-limiter.js.map",
      "path": "packages/ddp-rate-limiter.js"
    },
    {
      "node_modules": "npm/logging/node_modules",
      "sourceMap": "packages/logging.js.map",
      "path": "packages/logging.js"
    },
    {
      "sourceMap": "packages/routepolicy.js.map",
      "path": "packages/routepolicy.js"
    },
    {
      "sourceMap": "packages/html-tools.js.map",
      "path": "packages/html-tools.js"
    },
    {
      "sourceMap": "packages/blaze-tools.js.map",
      "path": "packages/blaze-tools.js"
    },
    {
      "sourceMap": "packages/spacebars-compiler.js.map",
      "path": "packages/spacebars-compiler.js"
    },
    {
      "sourceMap": "packages/spacebars.js.map",
      "path": "packages/spacebars.js"
    },
    {
      "sourceMap": "packages/ui.js.map",
      "path": "packages/ui.js"
    },
    {
      "sourceMap": "packages/boilerplate-generator.js.map",
      "path": "packages/boilerplate-generator.js",
      "assets": {
        "boilerplate_web.browser.html": "assets/packages/boilerplate-generator/boilerplate_web.browser.html",
        "boilerplate_web.cordova.html": "assets/packages/boilerplate-generator/boilerplate_web.cordova.html"
      }
    },
    {
      "sourceMap": "packages/webapp-hashing.js.map",
      "path": "packages/webapp-hashing.js"
    },
    {
      "node_modules": "npm/webapp/node_modules",
      "sourceMap": "packages/webapp.js.map",
      "path": "packages/webapp.js"
    },
    {
      "sourceMap": "packages/audit-argument-checks.js.map",
      "path": "packages/audit-argument-checks.js"
    },
    {
      "sourceMap": "packages/callback-hook.js.map",
      "path": "packages/callback-hook.js"
    },
    {
      "node_modules": "npm/ddp-server/node_modules",
      "sourceMap": "packages/ddp-server.js.map",
      "path": "packages/ddp-server.js"
    },
    {
      "sourceMap": "packages/ddp.js.map",
      "path": "packages/ddp.js"
    },
    {
      "sourceMap": "packages/binary-heap.js.map",
      "path": "packages/binary-heap.js"
    },
    {
      "node_modules": "npm/mongo/node_modules",
      "sourceMap": "packages/mongo.js.map",
      "path": "packages/mongo.js"
    },
    {
      "sourceMap": "packages/aldeed_collection2.js.map",
      "path": "packages/aldeed_collection2.js"
    },
    {
      "sourceMap": "packages/cfs_base-package.js.map",
      "path": "packages/cfs_base-package.js"
    },
    {
      "sourceMap": "packages/livedata.js.map",
      "path": "packages/livedata.js"
    },
    {
      "sourceMap": "packages/mongo-livedata.js.map",
      "path": "packages/mongo-livedata.js"
    },
    {
      "sourceMap": "packages/raix_eventemitter.js.map",
      "path": "packages/raix_eventemitter.js"
    },
    {
      "node_modules": "npm/cfs_storage-adapter/node_modules",
      "sourceMap": "packages/cfs_storage-adapter.js.map",
      "path": "packages/cfs_storage-adapter.js"
    },
    {
      "node_modules": "npm/cfs_gridfs/node_modules",
      "sourceMap": "packages/cfs_gridfs.js.map",
      "path": "packages/cfs_gridfs.js"
    },
    {
      "sourceMap": "packages/cfs_standard-packages.js.map",
      "path": "packages/cfs_standard-packages.js"
    },
    {
      "sourceMap": "packages/cottz_publish-relations.js.map",
      "path": "packages/cottz_publish-relations.js"
    },
    {
      "sourceMap": "packages/dburles_collection-helpers.js.map",
      "path": "packages/dburles_collection-helpers.js"
    },
    {
      "sourceMap": "packages/idmontie_migrations.js.map",
      "path": "packages/idmontie_migrations.js"
    },
    {
      "sourceMap": "packages/accounts-base.js.map",
      "path": "packages/accounts-base.js"
    },
    {
      "sourceMap": "packages/matb33_collection-hooks.js.map",
      "path": "packages/matb33_collection-hooks.js"
    },
    {
      "sourceMap": "packages/reload.js.map",
      "path": "packages/reload.js"
    },
    {
      "sourceMap": "packages/autoupdate.js.map",
      "path": "packages/autoupdate.js"
    },
    {
      "sourceMap": "packages/meteor-platform.js.map",
      "path": "packages/meteor-platform.js"
    },
    {
      "sourceMap": "packages/meteorhacks_collection-utils.js.map",
      "path": "packages/meteorhacks_collection-utils.js"
    },
    {
      "sourceMap": "packages/meteorhacks_aggregate.js.map",
      "path": "packages/meteorhacks_aggregate.js"
    },
    {
      "sourceMap": "packages/session.js.map",
      "path": "packages/session.js"
    },
    {
      "sourceMap": "packages/templating.js.map",
      "path": "packages/templating.js"
    },
    {
      "node_modules": "npm/matteodem_easy-search/node_modules",
      "sourceMap": "packages/matteodem_easy-search.js.map",
      "path": "packages/matteodem_easy-search.js"
    },
    {
      "sourceMap": "packages/mquandalle_collection-mutations.js.map",
      "path": "packages/mquandalle_collection-mutations.js"
    },
    {
      "node_modules": "npm/npm-bcrypt/node_modules",
      "sourceMap": "packages/npm-bcrypt.js.map",
      "path": "packages/npm-bcrypt.js"
    },
    {
      "sourceMap": "packages/sha.js.map",
      "path": "packages/sha.js"
    },
    {
      "sourceMap": "packages/srp.js.map",
      "path": "packages/srp.js"
    },
    {
      "node_modules": "npm/email/node_modules",
      "sourceMap": "packages/email.js.map",
      "path": "packages/email.js"
    },
    {
      "sourceMap": "packages/accounts-password.js.map",
      "path": "packages/accounts-password.js"
    },
    {
      "sourceMap": "packages/kenton_accounts-sandstorm.js.map",
      "path": "packages/kenton_accounts-sandstorm.js"
    },
    {
      "sourceMap": "packages/service-configuration.js.map",
      "path": "packages/service-configuration.js"
    },
    {
      "sourceMap": "packages/url.js.map",
      "path": "packages/url.js"
    },
    {
      "node_modules": "npm/http/node_modules",
      "sourceMap": "packages/http.js.map",
      "path": "packages/http.js"
    },
    {
      "sourceMap": "packages/useraccounts_core.js.map",
      "path": "packages/useraccounts_core.js"
    },
    {
      "sourceMap": "packages/reactive-dict.js.map",
      "path": "packages/reactive-dict.js"
    },
    {
      "sourceMap": "packages/meteorhacks_inject-data.js.map",
      "path": "packages/meteorhacks_inject-data.js",
      "assets": {
        "lib/inject.html": "assets/packages/meteorhacks_inject-data/lib/inject.html"
      }
    },
    {
      "node_modules": "npm/meteorhacks_picker/node_modules",
      "sourceMap": "packages/meteorhacks_picker.js.map",
      "path": "packages/meteorhacks_picker.js"
    },
    {
      "node_modules": "npm/meteorhacks_fast-render/node_modules",
      "sourceMap": "packages/meteorhacks_fast-render.js.map",
      "path": "packages/meteorhacks_fast-render.js"
    },
    {
      "node_modules": "npm/kadira_flow-router/node_modules",
      "sourceMap": "packages/kadira_flow-router.js.map",
      "path": "packages/kadira_flow-router.js"
    },
    {
      "sourceMap": "packages/kadira_blaze-layout.js.map",
      "path": "packages/kadira_blaze-layout.js"
    },
    {
      "sourceMap": "packages/coffeescript.js.map",
      "path": "packages/coffeescript.js"
    },
    {
      "sourceMap": "packages/blaze-html-templates.js.map",
      "path": "packages/blaze-html-templates.js"
    },
    {
      "sourceMap": "packages/softwarerero_accounts-t9n.js.map",
      "path": "packages/softwarerero_accounts-t9n.js"
    },
    {
      "sourceMap": "packages/useraccounts_flow-routing.js.map",
      "path": "packages/useraccounts_flow-routing.js"
    },
    {
      "sourceMap": "packages/useraccounts_unstyled.js.map",
      "path": "packages/useraccounts_unstyled.js"
    },
    {
      "sourceMap": "packages/3stack_presence.js.map",
      "path": "packages/3stack_presence.js"
    },
    {
      "sourceMap": "packages/alethes_pages.js.map",
      "path": "packages/alethes_pages.js"
    },
    {
      "sourceMap": "packages/zimme_active-route.js.map",
      "path": "packages/zimme_active-route.js"
    },
    {
      "sourceMap": "packages/arillo_flow-router-helpers.js.map",
      "path": "packages/arillo_flow-router-helpers.js"
    },
    {
      "node_modules": "npm/kadira_dochead/node_modules",
      "sourceMap": "packages/kadira_dochead.js.map",
      "path": "packages/kadira_dochead.js"
    },
    {
      "sourceMap": "packages/meteorhacks_subs-manager.js.map",
      "path": "packages/meteorhacks_subs-manager.js"
    },
    {
      "sourceMap": "packages/mquandalle_autofocus.js.map",
      "path": "packages/mquandalle_autofocus.js"
    },
    {
      "sourceMap": "packages/mquandalle_moment.js.map",
      "path": "packages/mquandalle_moment.js",
      "assets": {
        "locale/af.js": "assets/packages/mquandalle_moment/locale/af.js",
        "locale/ar-ma.js": "assets/packages/mquandalle_moment/locale/ar-ma.js",
        "locale/ar-sa.js": "assets/packages/mquandalle_moment/locale/ar-sa.js",
        "locale/ar-tn.js": "assets/packages/mquandalle_moment/locale/ar-tn.js",
        "locale/ar.js": "assets/packages/mquandalle_moment/locale/ar.js",
        "locale/az.js": "assets/packages/mquandalle_moment/locale/az.js",
        "locale/be.js": "assets/packages/mquandalle_moment/locale/be.js",
        "locale/bg.js": "assets/packages/mquandalle_moment/locale/bg.js",
        "locale/bn.js": "assets/packages/mquandalle_moment/locale/bn.js",
        "locale/bo.js": "assets/packages/mquandalle_moment/locale/bo.js",
        "locale/br.js": "assets/packages/mquandalle_moment/locale/br.js",
        "locale/bs.js": "assets/packages/mquandalle_moment/locale/bs.js",
        "locale/ca.js": "assets/packages/mquandalle_moment/locale/ca.js",
        "locale/cs.js": "assets/packages/mquandalle_moment/locale/cs.js",
        "locale/cv.js": "assets/packages/mquandalle_moment/locale/cv.js",
        "locale/cy.js": "assets/packages/mquandalle_moment/locale/cy.js",
        "locale/da.js": "assets/packages/mquandalle_moment/locale/da.js",
        "locale/de-at.js": "assets/packages/mquandalle_moment/locale/de-at.js",
        "locale/de.js": "assets/packages/mquandalle_moment/locale/de.js",
        "locale/el.js": "assets/packages/mquandalle_moment/locale/el.js",
        "locale/en-au.js": "assets/packages/mquandalle_moment/locale/en-au.js",
        "locale/en-ca.js": "assets/packages/mquandalle_moment/locale/en-ca.js",
        "locale/en-gb.js": "assets/packages/mquandalle_moment/locale/en-gb.js",
        "locale/eo.js": "assets/packages/mquandalle_moment/locale/eo.js",
        "locale/es.js": "assets/packages/mquandalle_moment/locale/es.js",
        "locale/et.js": "assets/packages/mquandalle_moment/locale/et.js",
        "locale/eu.js": "assets/packages/mquandalle_moment/locale/eu.js",
        "locale/fa.js": "assets/packages/mquandalle_moment/locale/fa.js",
        "locale/fi.js": "assets/packages/mquandalle_moment/locale/fi.js",
        "locale/fo.js": "assets/packages/mquandalle_moment/locale/fo.js",
        "locale/fr-ca.js": "assets/packages/mquandalle_moment/locale/fr-ca.js",
        "locale/fr.js": "assets/packages/mquandalle_moment/locale/fr.js",
        "locale/fy.js": "assets/packages/mquandalle_moment/locale/fy.js",
        "locale/gl.js": "assets/packages/mquandalle_moment/locale/gl.js",
        "locale/he.js": "assets/packages/mquandalle_moment/locale/he.js",
        "locale/hi.js": "assets/packages/mquandalle_moment/locale/hi.js",
        "locale/hr.js": "assets/packages/mquandalle_moment/locale/hr.js",
        "locale/hu.js": "assets/packages/mquandalle_moment/locale/hu.js",
        "locale/hy-am.js": "assets/packages/mquandalle_moment/locale/hy-am.js",
        "locale/id.js": "assets/packages/mquandalle_moment/locale/id.js",
        "locale/is.js": "assets/packages/mquandalle_moment/locale/is.js",
        "locale/it.js": "assets/packages/mquandalle_moment/locale/it.js",
        "locale/ja.js": "assets/packages/mquandalle_moment/locale/ja.js",
        "locale/ka.js": "assets/packages/mquandalle_moment/locale/ka.js",
        "locale/km.js": "assets/packages/mquandalle_moment/locale/km.js",
        "locale/ko.js": "assets/packages/mquandalle_moment/locale/ko.js",
        "locale/lb.js": "assets/packages/mquandalle_moment/locale/lb.js",
        "locale/lt.js": "assets/packages/mquandalle_moment/locale/lt.js",
        "locale/lv.js": "assets/packages/mquandalle_moment/locale/lv.js",
        "locale/mk.js": "assets/packages/mquandalle_moment/locale/mk.js",
        "locale/ml.js": "assets/packages/mquandalle_moment/locale/ml.js",
        "locale/mr.js": "assets/packages/mquandalle_moment/locale/mr.js",
        "locale/ms-my.js": "assets/packages/mquandalle_moment/locale/ms-my.js",
        "locale/my.js": "assets/packages/mquandalle_moment/locale/my.js",
        "locale/nb.js": "assets/packages/mquandalle_moment/locale/nb.js",
        "locale/ne.js": "assets/packages/mquandalle_moment/locale/ne.js",
        "locale/nl.js": "assets/packages/mquandalle_moment/locale/nl.js",
        "locale/nn.js": "assets/packages/mquandalle_moment/locale/nn.js",
        "locale/pl.js": "assets/packages/mquandalle_moment/locale/pl.js",
        "locale/pt-br.js": "assets/packages/mquandalle_moment/locale/pt-br.js",
        "locale/pt.js": "assets/packages/mquandalle_moment/locale/pt.js",
        "locale/ro.js": "assets/packages/mquandalle_moment/locale/ro.js",
        "locale/ru.js": "assets/packages/mquandalle_moment/locale/ru.js",
        "locale/sk.js": "assets/packages/mquandalle_moment/locale/sk.js",
        "locale/sl.js": "assets/packages/mquandalle_moment/locale/sl.js",
        "locale/sq.js": "assets/packages/mquandalle_moment/locale/sq.js",
        "locale/sr-cyrl.js": "assets/packages/mquandalle_moment/locale/sr-cyrl.js",
        "locale/sr.js": "assets/packages/mquandalle_moment/locale/sr.js",
        "locale/sv.js": "assets/packages/mquandalle_moment/locale/sv.js",
        "locale/ta.js": "assets/packages/mquandalle_moment/locale/ta.js",
        "locale/th.js": "assets/packages/mquandalle_moment/locale/th.js",
        "locale/tl-ph.js": "assets/packages/mquandalle_moment/locale/tl-ph.js",
        "locale/tr.js": "assets/packages/mquandalle_moment/locale/tr.js",
        "locale/tzm-latn.js": "assets/packages/mquandalle_moment/locale/tzm-latn.js",
        "locale/tzm.js": "assets/packages/mquandalle_moment/locale/tzm.js",
        "locale/uk.js": "assets/packages/mquandalle_moment/locale/uk.js",
        "locale/uz.js": "assets/packages/mquandalle_moment/locale/uz.js",
        "locale/vi.js": "assets/packages/mquandalle_moment/locale/vi.js",
        "locale/zh-cn.js": "assets/packages/mquandalle_moment/locale/zh-cn.js",
        "locale/zh-tw.js": "assets/packages/mquandalle_moment/locale/zh-tw.js"
      }
    },
    {
      "node_modules": "npm/ongoworks_speakingurl/node_modules",
      "sourceMap": "packages/ongoworks_speakingurl.js.map",
      "path": "packages/ongoworks_speakingurl.js"
    },
    {
      "sourceMap": "packages/raix_handlebar-helpers.js.map",
      "path": "packages/raix_handlebar-helpers.js"
    },
    {
      "sourceMap": "packages/meteorspark_util.js.map",
      "path": "packages/meteorspark_util.js"
    },
    {
      "sourceMap": "packages/cfs_http-methods.js.map",
      "path": "packages/cfs_http-methods.js"
    },
    {
      "sourceMap": "packages/tap_i18n.js.map",
      "path": "packages/tap_i18n.js"
    },
    {
      "sourceMap": "packages/fortawesome_fontawesome.js.map",
      "path": "packages/fortawesome_fontawesome.js"
    },
    {
      "sourceMap": "packages/mousetrap_mousetrap.js.map",
      "path": "packages/mousetrap_mousetrap.js"
    },
    {
      "sourceMap": "packages/mquandalle_jquery-textcomplete.js.map",
      "path": "packages/mquandalle_jquery-textcomplete.js"
    },
    {
      "sourceMap": "packages/mquandalle_jquery-ui-drag-drop-sort.js.map",
      "path": "packages/mquandalle_jquery-ui-drag-drop-sort.js"
    },
    {
      "sourceMap": "packages/mquandalle_mousetrap-bindglobal.js.map",
      "path": "packages/mquandalle_mousetrap-bindglobal.js"
    },
    {
      "sourceMap": "packages/mquandalle_perfect-scrollbar.js.map",
      "path": "packages/mquandalle_perfect-scrollbar.js"
    },
    {
      "sourceMap": "packages/peerlibrary_assert.js.map",
      "path": "packages/peerlibrary_assert.js"
    },
    {
      "sourceMap": "packages/peerlibrary_reactive-field.js.map",
      "path": "packages/peerlibrary_reactive-field.js"
    },
    {
      "sourceMap": "packages/peerlibrary_computed-field.js.map",
      "path": "packages/peerlibrary_computed-field.js"
    },
    {
      "sourceMap": "packages/peerlibrary_base-component.js.map",
      "path": "packages/peerlibrary_base-component.js"
    },
    {
      "sourceMap": "packages/peerlibrary_blaze-components.js.map",
      "path": "packages/peerlibrary_blaze-components.js"
    },
    {
      "sourceMap": "packages/perak_markdown.js.map",
      "path": "packages/perak_markdown.js"
    },
    {
      "sourceMap": "packages/seriousm_emoji-continued.js.map",
      "path": "packages/seriousm_emoji-continued.js"
    },
    {
      "sourceMap": "packages/templates_tabs.js.map",
      "path": "packages/templates_tabs.js"
    },
    {
      "sourceMap": "packages/verron_autosize.js.map",
      "path": "packages/verron_autosize.js"
    },
    {
      "node_modules": "npm/simple_json-routes/node_modules",
      "sourceMap": "packages/simple_json-routes.js.map",
      "path": "packages/simple_json-routes.js"
    },
    {
      "sourceMap": "packages/hot-code-push.js.map",
      "path": "packages/hot-code-push.js"
    },
    {
      "node_modules": "npm/cfs_data-man/node_modules",
      "sourceMap": "packages/cfs_data-man.js.map",
      "path": "packages/cfs_data-man.js"
    },
    {
      "node_modules": "npm/cfs_file/node_modules",
      "sourceMap": "packages/cfs_file.js.map",
      "path": "packages/cfs_file.js"
    },
    {
      "node_modules": "npm/cfs_tempstore/node_modules",
      "sourceMap": "packages/cfs_tempstore.js.map",
      "path": "packages/cfs_tempstore.js"
    },
    {
      "sourceMap": "packages/cfs_http-publish.js.map",
      "path": "packages/cfs_http-publish.js"
    },
    {
      "sourceMap": "packages/cfs_access-point.js.map",
      "path": "packages/cfs_access-point.js"
    },
    {
      "sourceMap": "packages/cfs_reactive-property.js.map",
      "path": "packages/cfs_reactive-property.js"
    },
    {
      "sourceMap": "packages/cfs_reactive-list.js.map",
      "path": "packages/cfs_reactive-list.js"
    },
    {
      "sourceMap": "packages/cfs_power-queue.js.map",
      "path": "packages/cfs_power-queue.js"
    },
    {
      "sourceMap": "packages/cfs_upload-http.js.map",
      "path": "packages/cfs_upload-http.js"
    },
    {
      "sourceMap": "packages/cfs_collection.js.map",
      "path": "packages/cfs_collection.js"
    },
    {
      "sourceMap": "packages/cfs_collection-filters.js.map",
      "path": "packages/cfs_collection-filters.js"
    },
    {
      "sourceMap": "packages/cfs_worker.js.map",
      "path": "packages/cfs_worker.js"
    },
    {
      "path": "packages/global-imports.js"
    },
    {
      "sourceMap": "app/server/lib/utils.js.map",
      "path": "app/server/lib/utils.js"
    },
    {
      "sourceMap": "app/server/publications/activities.js.map",
      "path": "app/server/publications/activities.js"
    },
    {
      "sourceMap": "app/server/publications/avatars.js.map",
      "path": "app/server/publications/avatars.js"
    },
    {
      "sourceMap": "app/server/publications/boards.js.map",
      "path": "app/server/publications/boards.js"
    },
    {
      "sourceMap": "app/server/publications/cards.js.map",
      "path": "app/server/publications/cards.js"
    },
    {
      "sourceMap": "app/server/publications/fast-render.js.map",
      "path": "app/server/publications/fast-render.js"
    },
    {
      "sourceMap": "app/server/publications/unsavedEdits.js.map",
      "path": "app/server/publications/unsavedEdits.js"
    },
    {
      "sourceMap": "app/server/publications/users.js.map",
      "path": "app/server/publications/users.js"
    },
    {
      "sourceMap": "app/config/accounts.js.map",
      "path": "app/config/accounts.js"
    },
    {
      "sourceMap": "app/i18n/ar.i18n.js.map",
      "path": "app/i18n/ar.i18n.js"
    },
    {
      "sourceMap": "app/i18n/ca.i18n.js.map",
      "path": "app/i18n/ca.i18n.js"
    },
    {
      "sourceMap": "app/i18n/de.i18n.js.map",
      "path": "app/i18n/de.i18n.js"
    },
    {
      "sourceMap": "app/i18n/en.i18n.js.map",
      "path": "app/i18n/en.i18n.js"
    },
    {
      "sourceMap": "app/i18n/es.i18n.js.map",
      "path": "app/i18n/es.i18n.js"
    },
    {
      "sourceMap": "app/i18n/fi.i18n.js.map",
      "path": "app/i18n/fi.i18n.js"
    },
    {
      "sourceMap": "app/i18n/fr.i18n.js.map",
      "path": "app/i18n/fr.i18n.js"
    },
    {
      "sourceMap": "app/i18n/it.i18n.js.map",
      "path": "app/i18n/it.i18n.js"
    },
    {
      "sourceMap": "app/i18n/ja.i18n.js.map",
      "path": "app/i18n/ja.i18n.js"
    },
    {
      "sourceMap": "app/i18n/ko.i18n.js.map",
      "path": "app/i18n/ko.i18n.js"
    },
    {
      "sourceMap": "app/i18n/pt-BR.i18n.js.map",
      "path": "app/i18n/pt-BR.i18n.js"
    },
    {
      "sourceMap": "app/i18n/ru.i18n.js.map",
      "path": "app/i18n/ru.i18n.js"
    },
    {
      "sourceMap": "app/i18n/tr.i18n.js.map",
      "path": "app/i18n/tr.i18n.js"
    },
    {
      "sourceMap": "app/i18n/zh-CN.i18n.js.map",
      "path": "app/i18n/zh-CN.i18n.js"
    },
    {
      "sourceMap": "app/models/activities.js.map",
      "path": "app/models/activities.js"
    },
    {
      "sourceMap": "app/models/attachments.js.map",
      "path": "app/models/attachments.js"
    },
    {
      "sourceMap": "app/models/avatars.js.map",
      "path": "app/models/avatars.js"
    },
    {
      "sourceMap": "app/models/boards.js.map",
      "path": "app/models/boards.js"
    },
    {
      "sourceMap": "app/models/cardComments.js.map",
      "path": "app/models/cardComments.js"
    },
    {
      "sourceMap": "app/models/cards.js.map",
      "path": "app/models/cards.js"
    },
    {
      "sourceMap": "app/models/export.js.map",
      "path": "app/models/export.js"
    },
    {
      "sourceMap": "app/models/import.js.map",
      "path": "app/models/import.js"
    },
    {
      "sourceMap": "app/models/lists.js.map",
      "path": "app/models/lists.js"
    },
    {
      "sourceMap": "app/models/unsavedEdits.js.map",
      "path": "app/models/unsavedEdits.js"
    },
    {
      "sourceMap": "app/models/users.js.map",
      "path": "app/models/users.js"
    },
    {
      "sourceMap": "app/server/migrations.js.map",
      "path": "app/server/migrations.js"
    },
    {
      "sourceMap": "app/sandstorm.js.map",
      "path": "app/sandstorm.js"
    }
  ]
}